{
  "overrides": [
    {
      "predicate": {
        "damage": 0.96875,
        "damaged": 0
      },
      "model": "vanilla_additions:item/gold_hammer"
    },
    {
      "predicate": {
        "damage": 1.0,
        "damaged": 0
      },
      "model": "vanilla_additions:item/gold_chisel"
    },
    {
      "predicate": {
        "damage": 0.0,
        "damaged": 1
      },
      "model": "item/golden_pickaxe"
    }
  ],
  "parent": "item/handheld",
  "textures": {
    "layer0": "item/golden_pickaxe"
  }
}