{
  "overrides": [
    {
      "predicate": {
        "damage": 0.984,
        "damaged": 0
      },
      "model": "vanilla_additions:item/iron_sickle"
    },
    {
      "predicate": {
        "damage": 0.988,
        "damaged": 0
      },
      "model": "vanilla_additions:item/lapis_sickle"
    },
    {
      "predicate": {
        "damage": 0.992,
        "damaged": 0
      },
      "model": "vanilla_additions:item/lapis_hoe"
    },
    {
      "predicate": {
        "damage": 0.996,
        "damaged": 0
      },
      "model": "vanilla_additions:item/obsidian_sickle"
    },
    {
      "predicate": {
        "damage": 1.0,
        "damaged": 0
      },
      "model": "vanilla_additions:item/obsidian_hoe"
    },
    {
      "predicate": {
        "damage": 0.0,
        "damaged": 1
      },
      "model": "item/iron_hoe"
    }
  ],
  "parent": "item/handheld",
  "textures": {
    "layer0": "item/iron_hoe"
  }
}