{
  "overrides": [
    {
      "predicate": {
        "damage": 0.972,
        "damaged": 0
      },
      "model": "vanilla_additions:item/iron_hammer"
    },
    {
      "predicate": {
        "damage": 0.976,
        "damaged": 0
      },
      "model": "vanilla_additions:item/iron_chisel"
    },
    {
      "predicate": {
        "damage": 0.98,
        "damaged": 0
      },
      "model": "vanilla_additions:item/lapis_hammer"
    },
    {
      "predicate": {
        "damage": 0.984,
        "damaged": 0
      },
      "model": "vanilla_additions:item/lapis_chisel"
    },
    {
      "predicate": {
        "damage": 0.988,
        "damaged": 0
      },
      "model": "vanilla_additions:item/lapis_pickaxe"
    },
    {
      "predicate": {
        "damage": 0.992,
        "damaged": 0
      },
      "model": "vanilla_additions:item/obsidian_hammer"
    },
    {
      "predicate": {
        "damage": 0.996,
        "damaged": 0
      },
      "model": "vanilla_additions:item/obsidian_chisel"
    },
    {
      "predicate": {
        "damage": 1.0,
        "damaged": 0
      },
      "model": "vanilla_additions:item/obsidian_pickaxe"
    },
    {
      "predicate": {
        "damage": 0.0,
        "damaged": 1
      },
      "model": "item/iron_pickaxe"
    }
  ],
  "parent": "item/handheld",
  "textures": {
    "layer0": "item/iron_pickaxe"
  }
}