{
  "overrides": [
    {
      "predicate": {
        "damage": 0.711864406779661,
        "damaged": 0
      },
      "model": "vanilla_additions:item/big_oak_wood_double_axe"
    },
    {
      "predicate": {
        "damage": 0.7288135593220338,
        "damaged": 0
      },
      "model": "vanilla_additions:item/big_oak_wood_axe"
    },
    {
      "predicate": {
        "damage": 0.7457627118644068,
        "damaged": 0
      },
      "model": "vanilla_additions:item/acacia_wood_double_axe"
    },
    {
      "predicate": {
        "damage": 0.7627118644067796,
        "damaged": 0
      },
      "model": "vanilla_additions:item/acacia_wood_axe"
    },
    {
      "predicate": {
        "damage": 0.7796610169491526,
        "damaged": 0
      },
      "model": "vanilla_additions:item/jungle_wood_double_axe"
    },
    {
      "predicate": {
        "damage": 0.7966101694915254,
        "damaged": 0
      },
      "model": "vanilla_additions:item/jungle_wood_axe"
    },
    {
      "predicate": {
        "damage": 0.8135593220338984,
        "damaged": 0
      },
      "model": "vanilla_additions:item/birch_wood_double_axe"
    },
    {
      "predicate": {
        "damage": 0.8305084745762712,
        "damaged": 0
      },
      "model": "vanilla_additions:item/birch_wood_axe"
    },
    {
      "predicate": {
        "damage": 0.847457627118644,
        "damaged": 0
      },
      "model": "vanilla_additions:item/spruce_wood_double_axe"
    },
    {
      "predicate": {
        "damage": 0.864406779661017,
        "damaged": 0
      },
      "model": "vanilla_additions:item/spruce_wood_axe"
    },
    {
      "predicate": {
        "damage": 0.8813559322033898,
        "damaged": 0
      },
      "model": "vanilla_additions:item/oak_wood_double_axe"
    },
    {
      "predicate": {
        "damage": 0.8983050847457628,
        "damaged": 0
      },
      "model": "vanilla_additions:item/oak_wood_axe"
    },
    {
      "predicate": {
        "damage": 0.9152542372881356,
        "damaged": 0
      },
      "model": "vanilla_additions:item/slime_double_axe"
    },
    {
      "predicate": {
        "damage": 0.9322033898305084,
        "damaged": 0
      },
      "model": "vanilla_additions:item/slime_axe"
    },
    {
      "predicate": {
        "damage": 0.9491525423728814,
        "damaged": 0
      },
      "model": "vanilla_additions:item/clay_double_axe"
    },
    {
      "predicate": {
        "damage": 0.9661016949152542,
        "damaged": 0
      },
      "model": "vanilla_additions:item/clay_axe"
    },
    {
      "predicate": {
        "damage": 0.9830508474576272,
        "damaged": 0
      },
      "model": "vanilla_additions:item/coal_double_axe"
    },
    {
      "predicate": {
        "damage": 1.0,
        "damaged": 0
      },
      "model": "vanilla_additions:item/coal_axe"
    },
    {
      "predicate": {
        "damage": 0.0,
        "damaged": 1
      },
      "model": "item/wooden_axe"
    }
  ],
  "parent": "item/handheld",
  "textures": {
    "layer0": "item/wooden_axe"
  }
}